{
  "code": 200,
  "data": {
    "hash": "4CD3210E35E9954754A50D8D825C275BA2D52227",
    "list": [
      {
        "createTime": 1641293060,
        "defaultInterval": "",
        "deviceId": "214i180k1r",
        "deviceType": 1,
        "funcType": 0,
        "gsensorDuration": "",
        "gsensorInterval": "",
        "gsensorSensitivity": "",
        "keyDuration": "",
        "keyInterval": "",
        "modifyTime": 1641293060,
        "name": "BT401",
        "number": 1,
        "txPower": ""
      },
      {
        "createTime": 1641293080,
        "defaultInterval": "",
        "deviceId": "214i18149",
        "deviceType": 1,
        "funcType": 0,
        "gsensorDuration": "",
        "gsensorInterval": "",
        "gsensorSensitivity": "",
        "keyDuration": "",
        "keyInterval": "",
        "modifyTime": 1641293080,
        "name": "BT405",
        "number": 2,
        "txPower": ""
      },
      {
        "createTime": 1641293153,
        "defaultInterval": "",
        "deviceId": "214i191h8",
        "deviceType": 1,
        "funcType": 0,
        "gsensorDuration": "",
        "gsensorInterval": "",
        "gsensorSensitivity": "",
        "keyDuration": "",
        "keyInterval": "",
        "modifyTime": 1641293153,
        "name": "BT426N",
        "number": 3,
        "txPower": ""
      },
      {
        "createTime": 1641293162,
        "defaultInterval": "",
        "deviceId": "214i1a022b",
        "deviceType": 1,
        "funcType": 0,
        "gsensorDuration": "",
        "gsensorInterval": "",
        "gsensorSensitivity": "",
        "keyDuration": "",
        "keyInterval": "",
        "modifyTime": 1641293162,
        "name": "BT501",
        "number": 4,
        "txPower": ""
      },
      {
        "createTime": 1641293173,
        "defaultInterval": "",
        "deviceId": "214i1a0d1g",
        "deviceType": 1,
        "funcType": 0,
        "gsensorDuration": "",
        "gsensorInterval": "",
        "gsensorSensitivity": "",
        "keyDuration": "",
        "keyInterval": "",
        "modifyTime": 1641293173,
        "name": "BT502",
        "number": 5,
        "txPower": ""
      },
      {
        "createTime": 1641293184,
        "defaultInterval": "",
        "deviceId": "214i1a0o26",
        "deviceType": 1,
        "funcType": 0,
        "gsensorDuration": "",
        "gsensorInterval": "",
        "gsensorSensitivity": "",
        "keyDuration": "",
        "keyInterval": "",
        "modifyTime": 1641293184,
        "name": "BT522",
        "number": 6,
        "txPower": ""
      },
      {
        "createTime": 1641293195,
        "defaultInterval": "",
        "deviceId": "214i1a0zi",
        "deviceType": 1,
        "funcType": 0,
        "gsensorDuration": "",
        "gsensorInterval": "",
        "gsensorSensitivity": "",
        "keyDuration": "",
        "keyInterval": "",
        "modifyTime": 1641293195,
        "name": "BT616",
        "number": 7,
        "txPower": ""
      },
      {
        "createTime": 1641293205,
        "defaultInterval": "",
        "deviceId": "214i1a19l",
        "deviceType": 1,
        "funcType": 0,
        "gsensorDuration": "",
        "gsensorInterval": "",
        "gsensorSensitivity": "",
        "keyDuration": "",
        "keyInterval": "",
        "modifyTime": 1641293205,
        "name": "BT625",
        "number": 8,
        "txPower": ""
      },
      {
        "createTime": 1641302471,
        "defaultInterval": "",
        "deviceId": "214l0l0b2h",
        "deviceType": 1,
        "funcType": 0,
        "gsensorDuration": "",
        "gsensorInterval": "",
        "gsensorSensitivity": "",
        "keyDuration": "",
        "keyInterval": "",
        "modifyTime": 1641302471,
        "name": "BT626",
        "number": 9,
        "txPower": ""
      },
      {
        "createTime": 1641302485,
        "defaultInterval": "",
        "deviceId": "214l0l0p1y",
        "deviceType": 1,
        "funcType": 0,
        "gsensorDuration": "",
        "gsensorInterval": "",
        "gsensorSensitivity": "",
        "keyDuration": "",
        "keyInterval": "",
        "modifyTime": 1641302485,
        "name": "BT803",
        "number": 10,
        "txPower": ""
      },
      {
        "createTime": 1641302495,
        "defaultInterval": "",
        "deviceId": "214l0l0zq",
        "deviceType": 1,
        "funcType": 0,
        "gsensorDuration": "",
        "gsensorInterval": "",
        "gsensorSensitivity": "",
        "keyDuration": "",
        "keyInterval": "",
        "modifyTime": 1641302495,
        "name": "BT813D",
        "number": 11,
        "txPower": ""
      },
      {
        "createTime": 1641302508,
        "defaultInterval": "",
        "deviceId": "214l0l1c1m",
        "deviceType": 1,
        "funcType": 0,
        "gsensorDuration": "",
        "gsensorInterval": "",
        "gsensorSensitivity": "",
        "keyDuration": "",
        "keyInterval": "",
        "modifyTime": 1641302508,
        "name": "BT816S",
        "number": 12,
        "txPower": ""
      },
      {
        "createTime": 1641302518,
        "defaultInterval": "",
        "deviceId": "214l0l1ma",
        "deviceType": 1,
        "funcType": 0,
        "gsensorDuration": "",
        "gsensorInterval": "",
        "gsensorSensitivity": "",
        "keyDuration": "",
        "keyInterval": "",
        "modifyTime": 1641302518,
        "name": "BT821",
        "number": 13,
        "txPower": ""
      },
      {
        "createTime": 1641302526,
        "defaultInterval": "",
        "deviceId": "214l0m060",
        "deviceType": 1,
        "funcType": 0,
        "gsensorDuration": "",
        "gsensorInterval": "",
        "gsensorSensitivity": "",
        "keyDuration": "",
        "keyInterval": "",
        "modifyTime": 1641302526,
        "name": "BT822",
        "number": 14,
        "txPower": ""
      },
      {
        "createTime": 1641302536,
        "defaultInterval": "",
        "deviceId": "214l0m0g1u",
        "deviceType": 1,
        "funcType": 0,
        "gsensorDuration": "",
        "gsensorInterval": "",
        "gsensorSensitivity": "",
        "keyDuration": "",
        "keyInterval": "",
        "modifyTime": 1641302536,
        "name": "BT826",
        "number": 15,
        "txPower": ""
      },
      {
        "createTime": 1641302545,
        "defaultInterval": "",
        "deviceId": "214l0m0pi",
        "deviceType": 1,
        "funcType": 0,
        "gsensorDuration": "",
        "gsensorInterval": "",
        "gsensorSensitivity": "",
        "keyDuration": "",
        "keyInterval": "",
        "modifyTime": 1641302545,
        "name": "BT826N",
        "number": 16,
        "txPower": ""
      },
      {
        "createTime": 1641302553,
        "defaultInterval": "",
        "deviceId": "214l0m0x19",
        "deviceType": 1,
        "funcType": 0,
        "gsensorDuration": "",
        "gsensorInterval": "",
        "gsensorSensitivity": "",
        "keyDuration": "",
        "keyInterval": "",
        "modifyTime": 1641302553,
        "name": "BT836",
        "number": 17,
        "txPower": ""
      },
      {
        "createTime": 1641302561,
        "defaultInterval": "",
        "deviceId": "214l0m1514",
        "deviceType": 1,
        "funcType": 0,
        "gsensorDuration": "",
        "gsensorInterval": "",
        "gsensorSensitivity": "",
        "keyDuration": "",
        "keyInterval": "",
        "modifyTime": 1641302561,
        "name": "BT836N",
        "number": 18,
        "txPower": ""
      },
      {
        "createTime": 1641302568,
        "defaultInterval": "",
        "deviceId": "214l0m1c1w",
        "deviceType": 1,
        "funcType": 0,
        "gsensorDuration": "",
        "gsensorInterval": "",
        "gsensorSensitivity": "",
        "keyDuration": "",
        "keyInterval": "",
        "modifyTime": 1641302568,
        "name": "BT906",
        "number": 19,
        "txPower": ""
      },
      {
        "createTime": 1641302577,
        "defaultInterval": "",
        "deviceId": "214l0m1l7",
        "deviceType": 1,
        "funcType": 0,
        "gsensorDuration": "",
        "gsensorInterval": "",
        "gsensorSensitivity": "",
        "keyDuration": "",
        "keyInterval": "",
        "modifyTime": 1641302577,
        "name": "BT909",
        "number": 20,
        "txPower": ""
      },
      {
        "createTime": 1641302600,
        "defaultInterval": "",
        "deviceId": "214l0n0k6",
        "deviceType": 1,
        "funcType": 0,
        "gsensorDuration": "",
        "gsensorInterval": "",
        "gsensorSensitivity": "",
        "keyDuration": "",
        "keyInterval": "",
        "modifyTime": 1641302600,
        "name": "BT816S3",
        "number": 22,
        "txPower": ""
      },
      {
        "createTime": 1641302607,
        "defaultInterval": "",
        "deviceId": "214l0n0r1t",
        "deviceType": 1,
        "funcType": 0,
        "gsensorDuration": "",
        "gsensorInterval": "",
        "gsensorSensitivity": "",
        "keyDuration": "",
        "keyInterval": "",
        "modifyTime": 1641302607,
        "name": "BT926",
        "number": 23,
        "txPower": ""
      },
      {
        "createTime": 1641302616,
        "defaultInterval": "",
        "deviceId": "214l0n10b",
        "deviceType": 1,
        "funcType": 0,
        "gsensorDuration": "",
        "gsensorInterval": "",
        "gsensorSensitivity": "",
        "keyDuration": "",
        "keyInterval": "",
        "modifyTime": 1641302616,
        "name": "BT901",
        "number": 24,
        "txPower": ""
      },
      {
        "createTime": 1641302629,
        "defaultInterval": "",
        "deviceId": "214l0n1do",
        "deviceType": 1,
        "funcType": 0,
        "gsensorDuration": "",
        "gsensorInterval": "",
        "gsensorSensitivity": "",
        "keyDuration": "",
        "keyInterval": "",
        "modifyTime": 1641302629,
        "name": "BT826H",
        "number": 32,
        "txPower": ""
      },
      {
        "createTime": 1641302637,
        "defaultInterval": "",
        "deviceId": "214l0n1l2l",
        "deviceType": 1,
        "funcType": 0,
        "gsensorDuration": "",
        "gsensorInterval": "",
        "gsensorSensitivity": "",
        "keyDuration": "",
        "keyInterval": "",
        "modifyTime": 1641302637,
        "name": "BT826NH",
        "number": 33,
        "txPower": ""
      },
      {
        "createTime": 1641302646,
        "defaultInterval": "",
        "deviceId": "214l0o0617",
        "deviceType": 1,
        "funcType": 0,
        "gsensorDuration": "",
        "gsensorInterval": "",
        "gsensorSensitivity": "",
        "keyDuration": "",
        "keyInterval": "",
        "modifyTime": 1641302646,
        "name": "BT826E",
        "number": 34,
        "txPower": ""
      },
      {
        "createTime": 1641302656,
        "defaultInterval": "",
        "deviceId": "214l0o0g22",
        "deviceType": 1,
        "funcType": 0,
        "gsensorDuration": "",
        "gsensorInterval": "",
        "gsensorSensitivity": "",
        "keyDuration": "",
        "keyInterval": "",
        "modifyTime": 1641302656,
        "name": "BT826EH",
        "number": 35,
        "txPower": ""
      },
      {
        "createTime": 1641302665,
        "defaultInterval": "",
        "deviceId": "214l0o0pw",
        "deviceType": 1,
        "funcType": 0,
        "gsensorDuration": "",
        "gsensorInterval": "",
        "gsensorSensitivity": "",
        "keyDuration": "",
        "keyInterval": "",
        "modifyTime": 1641302665,
        "name": "BT836B",
        "number": 36,
        "txPower": ""
      },
      {
        "createTime": 1641302672,
        "defaultInterval": "",
        "deviceId": "214l0o0w29",
        "deviceType": 1,
        "funcType": 0,
        "gsensorDuration": "",
        "gsensorInterval": "",
        "gsensorSensitivity": "",
        "keyDuration": "",
        "keyInterval": "",
        "modifyTime": 1641302672,
        "name": "BT826B",
        "number": 37,
        "txPower": ""
      },
      {
        "createTime": 1641302680,
        "defaultInterval": "",
        "deviceId": "214l0o141i",
        "deviceType": 1,
        "funcType": 0,
        "gsensorDuration": "",
        "gsensorInterval": "",
        "gsensorSensitivity": "",
        "keyDuration": "",
        "keyInterval": "",
        "modifyTime": 1641302680,
        "name": "BT736",
        "number": 38,
        "txPower": ""
      },
      {
        "createTime": 1641302688,
        "defaultInterval": "",
        "deviceId": "214l0o1cq",
        "deviceType": 1,
        "funcType": 0,
        "gsensorDuration": "",
        "gsensorInterval": "",
        "gsensorSensitivity": "",
        "keyDuration": "",
        "keyInterval": "",
        "modifyTime": 1641302688,
        "name": "BT926B",
        "number": 39,
        "txPower": ""
      },
      {
        "createTime": 1641302695,
        "defaultInterval": "",
        "deviceId": "214l0o1j2c",
        "deviceType": 1,
        "funcType": 0,
        "gsensorDuration": "",
        "gsensorInterval": "",
        "gsensorSensitivity": "",
        "keyDuration": "",
        "keyInterval": "",
        "modifyTime": 1641302695,
        "name": "BT966",
        "number": 40,
        "txPower": ""
      },
      {
        "createTime": 1641302702,
        "defaultInterval": "",
        "deviceId": "214l0p022n",
        "deviceType": 1,
        "funcType": 0,
        "gsensorDuration": "",
        "gsensorInterval": "",
        "gsensorSensitivity": "",
        "keyDuration": "",
        "keyInterval": "",
        "modifyTime": 1641302702,
        "name": "BT721B",
        "number": 41,
        "txPower": ""
      },
      {
        "createTime": 1641302712,
        "defaultInterval": "",
        "deviceId": "214l0p0c4",
        "deviceType": 1,
        "funcType": 0,
        "gsensorDuration": "",
        "gsensorInterval": "",
        "gsensorSensitivity": "",
        "keyDuration": "",
        "keyInterval": "",
        "modifyTime": 1641302712,
        "name": "BT886",
        "number": 42,
        "txPower": ""
      },
      {
        "createTime": 1641302723,
        "defaultInterval": "",
        "deviceId": "214l0p0na",
        "deviceType": 1,
        "funcType": 0,
        "gsensorDuration": "",
        "gsensorInterval": "",
        "gsensorSensitivity": "",
        "keyDuration": "",
        "keyInterval": "",
        "modifyTime": 1641302723,
        "name": "BT826A",
        "number": 47,
        "txPower": ""
      },
      {
        "createTime": 1641302731,
        "defaultInterval": "",
        "deviceId": "214l0p0v1b",
        "deviceType": 1,
        "funcType": 0,
        "gsensorDuration": "",
        "gsensorInterval": "",
        "gsensorSensitivity": "",
        "keyDuration": "",
        "keyInterval": "",
        "modifyTime": 1641302731,
        "name": "BT826BA",
        "number": 48,
        "txPower": ""
      },
      {
        "createTime": 1641302739,
        "defaultInterval": "",
        "deviceId": "214l0p13u",
        "deviceType": 1,
        "funcType": 0,
        "gsensorDuration": "",
        "gsensorInterval": "",
        "gsensorSensitivity": "",
        "keyDuration": "",
        "keyInterval": "",
        "modifyTime": 1641302739,
        "name": "BT986",
        "number": 49,
        "txPower": ""
      },
      {
        "createTime": 1641302748,
        "defaultInterval": "",
        "deviceId": "214l0p1cz",
        "deviceType": 1,
        "funcType": 0,
        "gsensorDuration": "",
        "gsensorInterval": "",
        "gsensorSensitivity": "",
        "keyDuration": "",
        "keyInterval": "",
        "modifyTime": 1641302748,
        "name": "BT826F",
        "number": 50,
        "txPower": ""
      },
      {
        "createTime": 1641302782,
        "defaultInterval": "",
        "deviceId": "214l0q0m2n",
        "deviceType": 1,
        "funcType": 0,
        "gsensorDuration": "",
        "gsensorInterval": "",
        "gsensorSensitivity": "",
        "keyDuration": "",
        "keyInterval": "",
        "modifyTime": 1641302782,
        "name": "BT946",
        "number": 51,
        "txPower": ""
      },
      {
        "createTime": 1641302794,
        "defaultInterval": "",
        "deviceId": "214l0q0y10",
        "deviceType": 1,
        "funcType": 0,
        "gsensorDuration": "",
        "gsensorInterval": "",
        "gsensorSensitivity": "",
        "keyDuration": "",
        "keyInterval": "",
        "modifyTime": 1641302794,
        "name": "BT618",
        "number": 53,
        "txPower": ""
      },
      {
        "createTime": 1641302805,
        "defaultInterval": "",
        "deviceId": "214l0q192q",
        "deviceType": 1,
        "funcType": 0,
        "gsensorDuration": "",
        "gsensorInterval": "",
        "gsensorSensitivity": "",
        "keyDuration": "",
        "keyInterval": "",
        "modifyTime": 1641302805,
        "name": "BT671B-BG21",
        "number": 55,
        "txPower": ""
      },
      {
        "createTime": 1641894652,
        "defaultInterval": "",
        "deviceId": "21bh1e1g8",
        "deviceType": 1,
        "funcType": 0,
        "gsensorDuration": "",
        "gsensorInterval": "",
        "gsensorSensitivity": "",
        "keyDuration": "",
        "keyInterval": "",
        "modifyTime": 1641894652,
        "name": "BT986-1",
        "number": 57,
        "txPower": ""
      },
      {
        "createTime": 1641894671,
        "defaultInterval": "",
        "deviceId": "21bh1f0bi",
        "deviceType": 1,
        "funcType": 0,
        "gsensorDuration": "",
        "gsensorInterval": "",
        "gsensorSensitivity": "",
        "keyDuration": "",
        "keyInterval": "",
        "modifyTime": 1641894671,
        "name": "BT826F-1",
        "number": 58,
        "txPower": ""
      },
      {
        "createTime": 1641894686,
        "defaultInterval": "",
        "deviceId": "21bh1f0q5",
        "deviceType": 1,
        "funcType": 0,
        "gsensorDuration": "",
        "gsensorInterval": "",
        "gsensorSensitivity": "",
        "keyDuration": "",
        "keyInterval": "",
        "modifyTime": 1641894686,
        "name": "BT946-1",
        "number": 60,
        "txPower": ""
      }
    ],
    "page": 0,
    "size": 44
  },
  "msg": "Success"
}